lead_id,age,annual_income,company_size,industry,website_visits,emails_opened,demo_requested,response_time_hours,previous_purchase,converted
1,50,1408252,Small,Tech,7,6,1,27,0,1
2,36,1522108,Small,Healthcare,14,4,0,38,1,0
3,29,1963261,Small,Healthcare,6,9,1,58,1,1
4,42,897135,Small,Tech,5,4,0,62,0,0
5,40,1966471,Small,Retail,0,6,0,46,0,0
6,44,520178,Large,Healthcare,14,4,0,11,1,1
7,32,1498097,Medium,Finance,6,7,0,8,1,1
8,32,726752,Medium,Tech,16,5,1,71,1,1
9,45,888365,Large,Manufacturing,1,4,1,64,0,0
10,57,1124690,Large,Retail,8,8,1,21,0,1
11,45,1003662,Medium,Tech,8,1,0,63,0,0
12,24,1605585,Medium,Manufacturing,12,0,1,64,1,1
13,43,1486293,Medium,Manufacturing,5,7,0,20,1,1
14,23,1730491,Medium,Healthcare,5,2,1,8,1,1
15,45,862288,Medium,Healthcare,19,6,0,58,0,1
16,51,1899601,Small,Healthcare,19,9,0,46,1,1
17,59,600709,Large,Tech,2,7,0,31,1,0
18,23,1243026,Small,Tech,16,5,0,9,0,1
19,42,1534816,Medium,Retail,16,9,0,15,0,1
20,54,1925351,Medium,Healthcare,11,8,0,26,0,1
21,33,1623062,Medium,Manufacturing,15,6,0,10,0,1
22,43,1651526,Small,Finance,14,9,0,29,0,1
23,46,1659490,Small,Retail,12,4,0,36,0,0
24,48,1427199,Medium,Tech,0,7,0,37,0,0
25,49,1713897,Small,Retail,16,1,0,71,0,0
26,37,1317289,Small,Retail,2,6,0,23,0,0
27,36,1207425,Medium,Retail,14,3,0,41,1,1
28,24,483675,Small,Retail,3,8,1,28,0,0
29,58,1978811,Large,Finance,3,0,1,48,1,1
30,28,952465,Large,Healthcare,17,6,0,38,0,1
31,42,1565030,Large,Manufacturing,16,5,1,31,1,1
32,30,1298748,Large,Retail,18,7,1,14,0,1
33,39,1458151,Medium,Retail,10,4,1,29,1,1
34,25,1333024,Medium,Retail,19,0,0,51,0,0
35,46,1556182,Medium,Healthcare,2,0,0,49,1,0
36,35,805815,Large,Tech,7,8,0,43,0,0
37,30,1641398,Large,Tech,13,9,0,5,1,1
38,47,376218,Small,Finance,0,5,0,42,0,0
39,23,887518,Small,Tech,13,9,0,7,0,1
40,41,1070044,Large,Retail,1,4,1,42,0,0
41,49,1684775,Large,Retail,3,0,1,36,1,1
42,28,749589,Large,Retail,18,5,0,27,1,1
43,29,778446,Large,Finance,5,5,0,58,1,0
44,56,762052,Small,Retail,0,2,0,46,0,0
45,35,1682978,Large,Tech,16,7,1,66,0,1
46,38,1388562,Small,Healthcare,7,0,0,25,1,0
47,57,647739,Large,Healthcare,18,0,0,27,0,0
48,25,1974222,Large,Manufacturing,0,5,0,1,1,1
49,23,772327,Large,Tech,4,9,0,42,1,1
50,27,1675649,Small,Retail,15,0,0,52,1,1
51,25,897794,Small,Healthcare,5,5,0,25,0,0
52,50,334911,Medium,Tech,7,0,1,54,0,0
53,39,725037,Large,Healthcare,12,5,1,67,0,1
54,47,1030399,Medium,Retail,15,2,1,6,1,1
55,55,1278039,Medium,Healthcare,2,7,1,58,0,0
56,31,1199885,Small,Manufacturing,18,5,0,70,0,0
57,57,908746,Small,Manufacturing,11,0,0,53,0,0
58,35,1360751,Medium,Healthcare,15,4,1,66,0,1
59,52,1205667,Large,Tech,10,7,1,58,1,1
60,36,616915,Small,Tech,9,2,0,2,1,0
61,29,799876,Large,Tech,19,5,0,22,0,1
62,35,1994164,Large,Healthcare,3,4,0,37,0,0
63,44,911213,Medium,Tech,11,5,0,20,1,1
64,42,1068734,Medium,Retail,1,9,0,24,0,0
65,37,1414934,Medium,Manufacturing,18,0,0,65,1,0
66,39,1759119,Medium,Retail,4,6,0,65,1,0
67,45,347057,Small,Tech,7,8,0,1,0,0
68,47,1616870,Small,Retail,6,1,1,3,0,0
69,46,554726,Medium,Tech,13,9,0,46,1,1
70,50,578176,Small,Healthcare,2,4,0,55,0,0
71,36,1875062,Medium,Retail,17,9,0,64,0,1
72,22,1008754,Large,Healthcare,15,3,1,45,0,1
73,46,1237583,Large,Healthcare,18,5,0,26,0,1
74,28,1515868,Large,Finance,18,5,1,65,1,1
75,30,444931,Medium,Tech,17,1,0,24,1,0
76,45,1792252,Large,Manufacturing,19,1,1,35,1,1
77,22,462491,Small,Tech,15,3,1,24,0,1
78,29,1729585,Large,Manufacturing,7,0,0,28,0,0
79,45,701921,Large,Tech,0,8,0,16,1,1
80,32,560910,Large,Healthcare,16,6,0,59,0,0
81,38,1371812,Small,Retail,11,6,0,54,1,1
82,29,387955,Medium,Retail,10,2,0,16,0,0
83,56,927433,Small,Finance,4,2,0,15,1,0
84,56,1579361,Medium,Manufacturing,11,0,0,11,0,0
85,54,1443490,Medium,Manufacturing,16,2,0,65,0,0
86,26,507990,Large,Manufacturing,5,2,0,68,0,0
87,49,678387,Medium,Healthcare,0,3,0,43,0,0
88,28,838884,Small,Manufacturing,4,3,0,69,0,0
89,30,1296261,Small,Retail,13,2,0,13,1,1
90,29,1542845,Medium,Healthcare,4,9,0,10,1,1
91,33,692417,Large,Tech,0,7,0,41,1,0
92,55,1280020,Large,Manufacturing,17,7,1,50,1,1
93,54,438155,Small,Manufacturing,15,0,0,71,0,0
94,44,1469250,Large,Tech,8,6,0,59,0,0
95,45,1206739,Medium,Manufacturing,18,1,0,39,0,0
96,58,1605289,Medium,Tech,4,0,1,3,1,1
97,56,1790077,Small,Healthcare,1,2,1,7,0,0
98,43,843351,Medium,Retail,14,3,1,49,1,1
99,48,367642,Small,Tech,6,5,0,26,0,0
100,56,390093,Medium,Finance,3,9,0,33,1,0
101,22,1856182,Small,Tech,0,4,0,48,1,0
102,56,517215,Large,Manufacturing,12,3,0,2,0,0
103,58,335954,Medium,Healthcare,19,7,1,71,0,1
104,35,1376432,Medium,Healthcare,6,3,0,32,1,0
105,24,826861,Small,Tech,14,9,1,4,0,1
106,22,859655,Small,Retail,13,1,0,20,0,0
107,26,795553,Medium,Finance,18,2,1,36,1,1
108,47,1062092,Small,Healthcare,19,5,0,32,0,1
109,35,1186040,Medium,Manufacturing,17,7,0,28,1,1
110,48,622918,Large,Manufacturing,9,7,0,1,1,1
111,30,1372328,Small,Retail,8,8,0,60,0,0
112,36,1141461,Medium,Healthcare,7,6,0,56,0,0
113,36,448757,Large,Tech,9,1,1,35,0,0
114,47,1662413,Large,Manufacturing,16,7,0,30,1,1
115,34,416739,Medium,Retail,1,6,0,54,0,0
116,53,1586585,Small,Healthcare,5,7,0,36,1,1
117,53,1080316,Medium,Healthcare,4,2,0,55,0,0
118,25,1556556,Large,Healthcare,8,6,1,58,0,1
119,51,1605185,Medium,Healthcare,4,9,1,65,0,1
120,58,1737398,Small,Healthcare,17,8,1,69,0,1
121,44,636676,Large,Manufacturing,19,2,1,51,0,1
122,36,1692714,Medium,Retail,8,9,1,22,0,1
123,50,1666853,Small,Healthcare,16,5,0,53,0,1
124,57,1314929,Large,Finance,16,1,1,36,0,1
125,34,1866847,Small,Finance,11,1,0,68,0,0
126,53,623412,Large,Retail,6,4,0,36,1,0
127,28,785417,Medium,Tech,2,4,0,52,0,0
128,43,1780035,Small,Tech,9,6,1,53,0,1
129,49,488456,Large,Tech,1,1,1,50,1,0
130,23,855941,Small,Finance,2,6,0,41,0,0
131,27,1506305,Small,Tech,15,4,1,18,1,1
132,49,528504,Medium,Manufacturing,1,5,1,22,0,0
133,49,1994693,Small,Healthcare,9,7,0,66,0,0
134,41,952665,Large,Finance,5,9,0,21,1,1
135,51,1874486,Large,Retail,10,3,1,44,0,1
136,32,873044,Large,Retail,6,6,0,47,1,1
137,49,1389385,Large,Healthcare,14,5,0,39,0,1
138,46,1889589,Medium,Finance,5,9,0,29,1,1
139,54,1016756,Small,Tech,19,1,0,54,1,0
140,22,351226,Medium,Tech,8,7,1,17,0,1
141,48,799512,Small,Manufacturing,19,9,0,60,1,1
142,34,1954046,Small,Manufacturing,11,8,1,31,0,1
143,24,1824357,Small,Tech,18,4,1,49,1,1
144,27,1377978,Medium,Retail,19,9,1,2,0,1
145,29,1352839,Small,Retail,2,3,0,48,1,0
146,48,1340993,Medium,Manufacturing,14,5,0,14,0,0
147,30,1526476,Large,Healthcare,1,7,0,59,0,0
148,58,872212,Large,Tech,1,2,0,58,1,0
149,54,636326,Small,Manufacturing,2,9,1,58,1,1
150,45,524137,Medium,Manufacturing,5,0,0,51,0,0
151,36,1800844,Large,Tech,14,3,0,2,0,1
152,53,1229168,Medium,Tech,9,3,0,41,0,0
153,53,1646457,Medium,Retail,8,0,1,16,0,0
154,45,663476,Small,Healthcare,0,8,1,4,0,0
155,33,1700283,Large,Healthcare,15,2,0,12,1,1
156,23,1859161,Small,Tech,5,4,1,29,0,1
157,24,991757,Small,Finance,8,5,0,7,1,0
158,58,690719,Large,Manufacturing,3,7,0,14,1,1
159,38,1827937,Large,Manufacturing,1,5,1,12,0,1
160,23,1449947,Medium,Tech,3,2,0,5,0,0
161,23,862997,Large,Finance,0,5,1,32,0,0
162,49,1333578,Medium,Retail,18,0,0,43,0,0
163,44,1540768,Medium,Tech,9,3,0,69,1,0
164,58,1498898,Medium,Tech,14,5,1,45,0,1
165,53,321172,Large,Manufacturing,18,6,0,9,1,1
166,54,835843,Small,Tech,15,9,1,49,0,1
167,22,1296121,Medium,Tech,3,2,1,33,0,0
168,40,1926140,Small,Tech,1,8,0,18,0,0
169,23,881780,Small,Manufacturing,12,6,0,9,0,0
170,47,1008362,Large,Retail,0,0,0,62,0,0
171,53,813319,Small,Retail,16,1,0,57,0,0
172,27,1080298,Small,Tech,12,0,0,29,1,0
173,53,1176031,Large,Manufacturing,3,8,0,25,1,1
174,25,1570896,Medium,Retail,6,8,0,15,0,0
175,32,1766554,Small,Retail,16,6,0,6,0,1
176,38,1359622,Large,Retail,8,9,1,42,0,1
177,59,528071,Small,Manufacturing,3,2,1,29,0,0
178,45,678165,Small,Manufacturing,18,4,1,4,0,1
179,26,1008662,Medium,Tech,0,3,0,57,0,0
180,55,716366,Small,Healthcare,9,6,1,49,0,1
181,27,1615573,Large,Retail,3,8,0,44,0,0
182,43,1312117,Small,Healthcare,8,1,1,14,0,0
183,32,945188,Medium,Manufacturing,12,7,1,3,0,1
184,37,1831191,Medium,Manufacturing,13,8,0,62,1,1
185,54,715008,Large,Manufacturing,9,9,0,64,0,0
186,30,1931993,Medium,Healthcare,5,9,1,45,0,1
187,27,1554126,Small,Manufacturing,15,8,1,58,0,1
188,37,544883,Medium,Tech,5,9,1,20,1,1
189,50,1986994,Large,Manufacturing,16,6,0,58,1,1
190,24,1809090,Medium,Finance,9,8,0,57,1,1
191,41,1249491,Medium,Healthcare,17,8,0,68,0,1
192,57,971210,Medium,Finance,17,2,1,52,0,1
193,40,1229616,Large,Manufacturing,2,3,0,37,1,0
194,47,1470365,Medium,Tech,19,1,1,8,0,1
195,24,979418,Medium,Retail,14,9,0,44,0,1
196,40,1000780,Small,Manufacturing,14,2,0,5,1,1
197,41,1911754,Large,Tech,3,4,0,69,0,0
198,53,1414593,Medium,Healthcare,8,4,1,31,0,0
199,28,1526952,Large,Finance,18,5,0,45,0,1
200,54,799137,Medium,Finance,16,6,0,9,0,1
201,39,956884,Medium,Finance,10,6,0,32,0,0
202,22,924712,Medium,Healthcare,8,0,0,33,1,0
203,32,993264,Small,Tech,9,1,0,67,1,0
204,49,1141344,Small,Healthcare,17,8,1,30,0,1
205,46,1906872,Small,Finance,19,9,0,29,1,1
206,44,1741852,Large,Manufacturing,12,1,0,3,0,0
207,52,907847,Large,Retail,7,5,1,57,0,1
208,51,1403913,Small,Healthcare,6,0,1,30,1,1
209,56,1197048,Large,Healthcare,16,2,0,9,1,1
210,28,1624070,Medium,Tech,14,1,0,26,1,1
211,37,1372930,Medium,Tech,19,2,1,2,1,1
212,47,1393762,Medium,Healthcare,14,4,1,62,1,1
213,23,852433,Small,Finance,0,9,1,3,1,1
214,22,727236,Large,Retail,13,5,0,46,0,0
215,33,1958987,Small,Tech,4,8,0,68,1,0
216,26,1848459,Large,Finance,10,9,1,25,1,1
217,58,1040829,Medium,Manufacturing,15,3,0,51,1,1
218,53,1893445,Small,Tech,1,6,0,13,0,0
219,30,1961793,Large,Finance,7,5,1,44,0,1
220,56,585195,Large,Finance,10,1,0,35,0,0
221,40,875762,Medium,Retail,17,9,0,55,0,1
222,37,916036,Small,Retail,2,7,0,9,1,1
223,24,1474571,Small,Manufacturing,0,6,0,2,0,0
224,41,1594266,Small,Finance,10,6,0,61,0,0
225,45,1680346,Medium,Finance,15,7,1,41,1,1
226,54,1093392,Small,Retail,17,0,0,44,0,0
227,45,728988,Medium,Tech,15,0,0,64,0,0
228,32,480553,Medium,Tech,9,7,1,31,0,1
229,29,860696,Medium,Healthcare,17,3,0,47,1,1
230,57,1180438,Large,Retail,5,4,0,2,0,0
231,59,1608144,Small,Healthcare,18,7,1,69,1,1
232,41,619278,Small,Retail,3,4,1,58,0,0
233,56,1500139,Medium,Manufacturing,12,9,0,44,0,1
234,46,999983,Medium,Finance,13,3,1,56,0,1
235,56,1963191,Small,Manufacturing,2,5,0,43,1,0
236,46,693554,Medium,Retail,9,4,1,34,0,0
237,50,1551079,Small,Finance,5,6,0,30,0,0
238,39,1491902,Large,Tech,0,9,1,71,0,1
239,39,1359920,Medium,Tech,13,6,0,70,1,1
240,23,694966,Small,Healthcare,7,3,0,55,0,0
241,56,1940821,Medium,Retail,18,4,0,67,1,1
242,37,405423,Small,Retail,13,2,0,13,1,0
243,57,620197,Small,Tech,9,3,1,3,0,0
244,54,764071,Medium,Manufacturing,16,3,0,26,0,0
245,25,971256,Large,Finance,8,2,0,57,0,0
246,54,486833,Small,Manufacturing,5,9,0,24,0,0
247,35,1017912,Small,Manufacturing,10,4,0,53,0,0
248,42,1075435,Small,Tech,6,4,1,70,0,0
249,41,377454,Large,Tech,16,6,1,43,0,1
250,29,1606170,Large,Tech,0,3,0,60,0,0
251,28,1860473,Medium,Healthcare,4,3,1,58,0,0
252,24,1701320,Large,Manufacturing,8,8,1,49,0,1
253,38,1209164,Medium,Retail,17,5,0,42,1,1
254,54,1864718,Medium,Finance,1,3,0,66,1,0
255,33,1245439,Large,Healthcare,10,1,1,11,1,1
256,43,337641,Medium,Retail,5,5,0,18,0,0
257,43,1902575,Large,Manufacturing,7,1,1,52,0,0
258,51,1717616,Medium,Tech,3,4,0,46,0,0
259,59,912121,Large,Manufacturing,17,5,0,44,0,1
260,59,618420,Large,Finance,10,3,0,22,0,0
261,29,581685,Medium,Healthcare,4,2,0,53,1,0
262,48,1824102,Small,Healthcare,14,6,1,59,0,1
263,48,1393389,Medium,Finance,17,1,0,30,0,0
264,55,964180,Large,Retail,1,5,0,8,1,0
265,42,586214,Small,Retail,10,3,1,57,0,0
266,51,1228626,Medium,Healthcare,12,5,0,20,0,0
267,54,642703,Medium,Healthcare,3,3,0,25,0,0
268,49,504615,Medium,Tech,6,3,1,19,0,0
269,54,1825233,Small,Retail,10,3,1,5,1,1
270,26,1914650,Large,Finance,3,8,0,27,0,1
271,40,699953,Medium,Retail,14,6,0,40,0,0
272,25,1271741,Medium,Tech,0,2,0,26,1,0
273,56,1138003,Medium,Healthcare,2,2,0,27,1,0
274,38,1636230,Medium,Healthcare,13,5,0,62,1,1
275,49,581570,Medium,Tech,5,5,0,50,1,0
276,51,1385841,Large,Finance,17,3,0,42,0,1
277,50,1597897,Large,Healthcare,0,8,0,29,0,0
278,27,366150,Medium,Manufacturing,5,3,0,39,0,0
279,56,1960176,Small,Healthcare,5,8,0,60,0,0
280,58,1438189,Large,Manufacturing,15,3,1,41,1,1
281,45,637054,Small,Tech,4,1,1,33,1,0
282,50,421826,Large,Tech,16,1,0,16,0,0
283,52,859723,Medium,Healthcare,9,4,0,23,0,0
284,56,750348,Large,Retail,17,3,0,7,0,1
285,54,1558593,Medium,Manufacturing,6,6,0,26,1,1
286,42,1299554,Large,Finance,2,4,0,12,0,0
287,53,434055,Medium,Healthcare,12,5,0,5,1,1
288,44,790457,Medium,Finance,14,9,0,69,1,1
289,54,976022,Medium,Healthcare,19,3,1,49,1,1
290,24,1109942,Medium,Retail,18,1,0,26,1,1
291,39,996358,Small,Retail,2,9,0,5,1,0
292,46,1798638,Medium,Retail,3,8,1,22,0,1
293,52,1442647,Small,Retail,4,9,0,13,0,0
294,24,1655267,Small,Tech,0,6,0,28,0,0
295,45,1141052,Medium,Tech,3,3,0,33,0,0
296,53,446389,Small,Manufacturing,11,2,0,23,1,0
297,43,1988472,Large,Finance,9,9,1,18,0,1
298,44,569708,Medium,Healthcare,19,2,0,30,1,1
299,23,938112,Small,Healthcare,12,8,0,26,0,1
300,48,1311727,Medium,Tech,13,4,0,16,0,1
301,23,554444,Medium,Healthcare,4,2,0,39,1,0
302,47,903561,Medium,Tech,3,4,1,33,0,0
303,38,1161291,Small,Manufacturing,13,1,1,26,0,0
304,54,511837,Large,Finance,9,3,0,48,0,0
305,30,410017,Large,Manufacturing,16,9,0,65,1,1
306,50,423618,Small,Retail,9,1,0,38,0,0
307,47,759297,Medium,Retail,6,1,1,2,0,0
308,56,1473917,Small,Retail,15,7,0,6,0,1
309,46,1320154,Small,Manufacturing,0,0,0,46,1,0
310,45,1115862,Small,Healthcare,16,6,0,50,1,1
311,34,852076,Medium,Finance,8,4,0,38,0,0
312,28,1050865,Small,Retail,5,7,0,18,0,0
313,57,741759,Medium,Retail,18,0,0,27,1,1
314,41,1182554,Small,Retail,12,6,0,41,0,0
315,22,1912838,Large,Finance,2,4,0,17,0,0
316,29,1193741,Small,Retail,6,3,0,62,0,0
317,37,840659,Small,Finance,8,6,1,29,1,1
318,35,722845,Large,Retail,4,9,0,58,0,0
319,33,1006544,Medium,Manufacturing,9,1,0,70,0,0
320,44,624060,Medium,Manufacturing,16,0,0,22,1,0
321,36,1946836,Small,Finance,11,0,0,6,1,0
322,49,1541835,Large,Manufacturing,15,0,0,26,0,0
323,55,575128,Medium,Finance,2,4,1,39,0,0
324,23,1119471,Small,Manufacturing,8,9,0,12,1,1
325,53,909719,Large,Manufacturing,14,6,1,14,1,1
326,44,1170123,Medium,Finance,4,1,0,22,1,0
327,43,1145038,Medium,Healthcare,12,9,0,51,0,1
328,46,1752408,Large,Manufacturing,13,7,0,23,0,1
329,43,1189097,Large,Retail,19,3,0,48,1,1
330,43,1978237,Large,Healthcare,14,2,1,71,1,1
331,27,1529720,Large,Finance,15,9,1,50,0,1
332,36,550195,Small,Healthcare,12,7,1,13,0,1
333,58,1492324,Large,Tech,16,1,1,10,1,1
334,54,1752608,Medium,Tech,7,2,1,55,0,1
335,29,332733,Medium,Manufacturing,1,2,0,9,0,0
336,26,826338,Small,Manufacturing,4,9,0,52,0,0
337,25,409996,Medium,Retail,5,0,0,2,0,0
338,27,858221,Medium,Healthcare,11,5,0,25,0,0
339,53,849239,Large,Tech,17,1,1,13,1,1
340,51,856701,Medium,Manufacturing,0,0,0,51,0,0
341,56,1514449,Small,Healthcare,16,1,0,58,0,0
342,37,1250417,Large,Manufacturing,10,5,0,34,0,1
343,34,1199005,Large,Manufacturing,9,3,0,35,0,0
344,51,1336580,Small,Tech,18,5,0,3,0,1
345,40,733816,Large,Tech,13,8,0,59,0,0
346,38,1570464,Large,Manufacturing,9,9,0,70,1,1
347,40,1085332,Small,Finance,14,9,0,48,0,0
348,49,1067950,Large,Manufacturing,18,7,0,64,0,1
349,47,466472,Small,Manufacturing,3,0,0,19,0,0
350,58,697710,Small,Retail,1,7,0,67,0,0
351,47,511760,Medium,Retail,8,8,0,5,1,1
352,44,422744,Medium,Retail,9,5,0,67,0,0
353,30,1850522,Large,Finance,10,9,0,11,1,1
354,33,1391577,Large,Finance,13,4,0,68,0,0
355,22,891652,Small,Manufacturing,6,5,0,69,1,0
356,22,1211420,Large,Retail,14,5,0,1,0,1
357,55,1131460,Small,Finance,18,8,0,63,1,1
358,53,538506,Small,Tech,14,3,0,29,0,0
359,46,1053019,Large,Manufacturing,7,1,1,12,0,1
360,22,730789,Small,Healthcare,10,8,0,41,1,0
361,37,1210775,Medium,Manufacturing,8,1,1,2,1,1
362,26,1212727,Large,Healthcare,14,9,0,37,0,1
363,43,799722,Medium,Retail,0,8,0,45,0,0
364,50,858924,Large,Healthcare,0,1,0,48,0,0
365,24,479352,Small,Retail,18,7,0,24,1,1
366,33,1110694,Large,Tech,2,8,0,22,0,0
367,47,493283,Medium,Healthcare,9,9,0,11,0,1
368,37,1272346,Small,Manufacturing,7,8,0,58,1,0
369,58,1215015,Large,Retail,14,9,0,46,1,1
370,43,1798771,Large,Manufacturing,9,8,0,29,1,1
371,50,1298974,Large,Finance,0,1,0,35,1,0
372,35,731413,Medium,Retail,17,3,0,15,1,1
373,49,1652564,Medium,Healthcare,1,6,0,60,0,0
374,26,626898,Large,Retail,18,1,1,42,0,1
375,51,1251661,Small,Manufacturing,12,0,1,43,1,1
376,26,1163561,Small,Tech,0,2,1,49,0,0
377,33,602186,Medium,Retail,1,3,0,64,1,0
378,37,1410241,Small,Healthcare,15,7,1,32,0,1
379,47,1595160,Medium,Finance,14,5,1,64,0,1
380,47,1465529,Large,Tech,12,1,0,2,1,1
381,42,776072,Medium,Finance,15,8,0,24,1,1
382,57,1326553,Medium,Retail,16,1,1,66,0,1
383,54,1535202,Large,Manufacturing,6,4,0,38,1,1
384,51,445271,Small,Manufacturing,16,3,0,31,1,0
385,58,418533,Medium,Healthcare,6,6,0,26,0,0
386,44,1268452,Medium,Manufacturing,12,7,0,29,0,0
387,31,1946645,Large,Tech,4,4,1,67,1,1
388,26,1814542,Small,Manufacturing,16,9,0,25,1,1
389,57,366262,Medium,Healthcare,2,4,0,48,0,0
390,55,1133032,Large,Retail,6,1,0,65,1,0
391,52,376898,Medium,Retail,16,7,0,53,1,1
392,31,755699,Large,Manufacturing,6,1,0,67,0,0
393,40,1497945,Small,Finance,0,9,0,18,1,0
394,53,854736,Small,Retail,16,5,1,9,0,1
395,22,588316,Small,Manufacturing,16,7,0,38,0,1
396,26,1356233,Small,Healthcare,10,5,0,21,1,1
397,25,777602,Medium,Manufacturing,2,3,0,65,1,0
398,37,1244189,Medium,Retail,14,3,0,21,1,1
399,45,1339504,Small,Healthcare,10,5,1,27,0,1
400,37,674999,Small,Manufacturing,15,3,1,70,0,1
401,23,307906,Small,Tech,8,7,1,44,0,0
402,49,1672133,Medium,Healthcare,0,8,0,28,0,0
403,53,1926892,Small,Tech,15,0,0,45,0,0
404,48,1093719,Small,Finance,8,3,0,17,0,0
405,41,1644380,Small,Healthcare,18,3,0,40,0,0
406,45,1817550,Large,Tech,11,1,1,3,1,1
407,33,1146936,Small,Retail,18,5,1,66,0,1
408,56,1015080,Large,Retail,8,2,1,46,0,0
409,54,1975843,Large,Finance,6,6,1,30,0,1
410,54,334701,Small,Healthcare,13,4,1,69,0,0
411,58,1431876,Large,Healthcare,18,3,0,9,0,1
412,33,1065537,Small,Healthcare,18,4,0,11,0,1
413,24,383560,Medium,Finance,1,7,0,69,1,0
414,22,542615,Medium,Healthcare,8,2,0,66,0,0
415,54,343642,Medium,Retail,12,6,0,31,1,0
416,31,817083,Medium,Tech,14,5,0,33,1,1
417,50,791036,Large,Retail,2,0,1,39,1,0
418,34,627304,Small,Retail,10,6,0,46,0,0
419,33,665464,Small,Tech,13,6,1,37,1,1
420,52,913089,Small,Retail,7,0,1,60,0,0
421,23,1636651,Medium,Finance,17,8,0,31,0,1
422,56,1442953,Medium,Tech,18,5,0,11,1,1
423,44,626916,Small,Retail,15,1,0,2,1,0
424,38,1800554,Medium,Manufacturing,1,4,1,27,0,0
425,47,612250,Small,Retail,7,3,1,2,0,0
426,29,905409,Small,Finance,5,6,1,21,0,0
427,50,1374135,Small,Healthcare,11,7,0,58,0,0
428,47,1192027,Small,Retail,14,0,0,5,0,0
429,31,858030,Small,Healthcare,7,4,0,52,1,0
430,47,1156101,Small,Manufacturing,3,2,1,45,1,0
431,55,1483620,Small,Retail,14,0,0,20,1,1
432,28,1460793,Medium,Tech,19,2,0,61,0,0
433,25,1914737,Small,Healthcare,16,5,0,38,1,1
434,32,1192964,Small,Manufacturing,12,6,0,20,1,1
435,50,703119,Medium,Tech,17,7,0,25,1,1
436,57,958380,Medium,Tech,1,3,0,2,0,0
437,46,1435564,Medium,Tech,12,2,0,32,0,0
438,42,869936,Small,Tech,12,4,0,26,0,0
439,57,425991,Large,Retail,14,8,1,70,0,1
440,31,702732,Large,Retail,19,5,1,41,1,1
441,58,806079,Medium,Retail,9,8,0,67,1,0
442,30,826684,Large,Manufacturing,2,5,1,1,0,1
443,45,1432658,Medium,Manufacturing,18,1,0,51,0,0
444,56,428322,Small,Manufacturing,2,4,0,5,0,0
445,56,956951,Large,Finance,13,8,1,13,0,1
446,57,311303,Small,Manufacturing,7,7,1,19,0,0
447,39,1510209,Large,Retail,3,6,1,12,1,1
448,53,1682439,Small,Retail,19,0,0,48,0,0
449,45,1598266,Large,Finance,10,3,0,25,1,1
450,44,1309612,Small,Finance,10,6,1,57,0,1
451,53,399616,Small,Manufacturing,10,6,0,35,0,0
452,58,1210597,Large,Healthcare,1,5,0,5,0,0
453,33,1434807,Small,Finance,16,7,1,22,1,1
454,34,569458,Small,Tech,8,5,1,57,0,0
455,44,1368199,Small,Retail,1,9,1,47,1,1
456,46,1023035,Large,Tech,14,2,0,54,0,0
457,56,790042,Large,Retail,15,3,1,3,1,1
458,51,758298,Small,Retail,3,2,0,53,1,0
459,38,1347343,Small,Finance,7,0,0,31,0,0
460,41,1825416,Large,Finance,8,9,0,69,1,1
461,46,405228,Large,Tech,4,4,0,33,0,0
462,43,726346,Small,Retail,15,0,0,50,1,0
463,34,1184056,Small,Tech,12,0,0,16,0,0
464,40,1869123,Small,Healthcare,6,1,0,39,0,0
465,57,1417850,Medium,Tech,19,3,0,46,1,1
466,33,1482117,Large,Manufacturing,16,5,0,47,1,1
467,40,1402523,Medium,Tech,2,7,0,44,0,0
468,33,1543268,Large,Manufacturing,4,2,0,9,1,1
469,30,348874,Large,Manufacturing,18,0,1,50,0,1
470,28,1922572,Large,Manufacturing,11,2,1,60,0,1
471,49,1423129,Large,Healthcare,6,2,0,15,1,0
472,35,892632,Large,Tech,8,4,1,36,0,1
473,52,1009662,Large,Tech,5,3,0,63,0,0
474,40,871926,Large,Healthcare,16,3,0,69,1,1
475,37,1426825,Medium,Retail,15,8,1,41,0,1
476,26,827007,Small,Finance,2,6,0,24,1,0
477,56,978250,Small,Tech,3,3,1,49,0,0
478,33,770452,Medium,Finance,9,2,0,18,0,0
479,46,1778301,Medium,Healthcare,4,5,1,7,0,1
480,42,342534,Medium,Retail,9,2,0,4,1,0
481,57,795518,Medium,Retail,11,5,0,69,1,0
482,44,916529,Large,Retail,9,8,0,60,0,1
483,37,712003,Small,Healthcare,12,5,1,55,0,0
484,35,426209,Large,Manufacturing,10,3,0,16,1,1
485,52,742061,Small,Manufacturing,15,4,1,29,0,1
486,26,1537580,Small,Finance,7,5,0,23,1,0
487,56,916412,Medium,Manufacturing,7,2,0,14,0,0
488,44,1964523,Large,Manufacturing,7,7,0,49,1,1
489,50,464134,Medium,Retail,12,3,0,33,0,0
490,32,1424289,Large,Retail,1,7,1,25,1,1
491,39,788972,Small,Finance,11,9,0,21,1,1
492,33,1277965,Medium,Tech,9,9,0,17,0,1
493,30,1423994,Medium,Finance,11,2,0,23,0,0
494,31,1284176,Small,Finance,10,9,0,57,1,1
495,38,1476808,Small,Healthcare,14,6,1,58,1,1
496,59,820551,Small,Healthcare,15,8,0,14,0,1
497,28,463038,Medium,Finance,16,3,0,20,0,0
498,34,1290049,Large,Finance,1,7,1,30,1,1
499,30,1230491,Medium,Finance,17,2,1,19,0,1
500,48,1516959,Large,Manufacturing,11,6,0,53,1,1
501,23,1674572,Medium,Healthcare,18,2,0,56,0,0
502,26,558722,Medium,Finance,17,6,0,23,1,1
503,50,432079,Small,Retail,16,9,0,62,1,1
504,58,502053,Large,Retail,5,9,1,33,1,1
505,59,900530,Medium,Manufacturing,14,5,0,18,0,1
506,40,1527165,Medium,Manufacturing,2,1,0,33,1,0
507,29,1851814,Small,Tech,5,2,0,32,0,0
508,22,1377833,Small,Tech,2,5,0,61,0,0
509,43,780488,Large,Tech,0,3,0,54,0,0
510,38,735423,Medium,Manufacturing,12,5,0,17,0,0
511,28,1492929,Large,Manufacturing,13,0,0,19,1,1
512,46,623390,Medium,Manufacturing,12,9,0,70,0,0
513,25,563579,Large,Retail,3,0,0,34,1,0
514,57,1578523,Small,Manufacturing,6,2,0,25,1,0
515,27,1580334,Medium,Retail,9,7,0,68,1,0
516,52,1964221,Large,Tech,6,7,0,11,0,1
517,40,1506308,Small,Tech,14,3,0,16,0,0
518,48,1299701,Small,Tech,14,5,0,61,1,0
519,31,1231011,Large,Finance,3,7,0,7,0,0
520,47,1956671,Medium,Finance,5,6,0,16,0,0
521,40,1787331,Medium,Healthcare,19,6,1,16,0,1
522,24,438563,Small,Healthcare,4,3,1,40,0,0
523,34,1083066,Medium,Healthcare,19,8,1,12,1,1
524,49,1854623,Medium,Finance,11,9,0,35,0,1
525,41,1005552,Medium,Finance,0,5,1,21,0,0
526,49,626032,Small,Healthcare,7,2,0,50,0,0
527,29,897897,Large,Healthcare,0,4,0,43,0,0
528,22,1072800,Medium,Manufacturing,4,4,0,17,0,0
529,24,1602549,Small,Healthcare,5,4,1,32,0,0
530,34,1631673,Small,Manufacturing,2,7,0,41,0,0
531,49,1725402,Large,Retail,14,8,0,6,1,1
532,46,1862833,Medium,Finance,4,8,1,27,0,1
533,54,1779359,Medium,Healthcare,13,5,1,20,0,1
534,59,1463950,Large,Finance,17,5,0,25,0,1
535,27,849148,Large,Finance,15,8,0,66,0,1
536,53,976555,Small,Finance,5,3,0,9,1,0
537,42,901763,Small,Retail,13,5,1,53,0,1
538,37,784090,Large,Tech,7,3,0,61,0,0
539,42,1173698,Medium,Healthcare,6,0,0,38,0,0
540,32,976787,Small,Tech,7,6,1,3,1,1
541,58,1637803,Small,Tech,12,9,0,70,0,0
542,57,1042406,Medium,Tech,5,5,0,55,1,0
543,56,1143804,Small,Finance,17,8,0,1,0,1
544,40,948074,Medium,Manufacturing,1,6,0,70,1,0
545,41,1261568,Medium,Finance,7,6,0,45,1,0
546,39,1880677,Medium,Finance,10,1,0,47,0,0
547,35,1380174,Large,Tech,0,8,0,26,0,0
548,36,1854510,Large,Finance,5,9,0,14,0,1
549,52,1965970,Large,Tech,15,8,0,54,0,1
550,22,589226,Medium,Manufacturing,19,5,1,71,0,1
551,24,1115673,Medium,Healthcare,11,2,1,46,0,1
552,37,527286,Large,Tech,10,0,0,31,0,0
553,44,737785,Small,Manufacturing,9,3,0,59,0,0
554,32,1360321,Medium,Healthcare,2,2,0,29,0,0
555,33,1112461,Small,Retail,12,0,1,17,0,1
556,31,1492673,Small,Tech,2,2,0,14,0,0
557,53,532732,Medium,Tech,14,3,1,36,1,1
558,37,913474,Medium,Retail,15,7,0,58,0,0
559,29,1224044,Small,Retail,12,8,1,24,1,1
560,59,1184200,Small,Tech,16,2,1,63,0,1
561,33,513030,Large,Retail,2,5,1,25,0,0
562,45,1024238,Large,Finance,19,9,0,59,0,1
563,49,1914710,Medium,Healthcare,10,4,0,32,0,0
564,29,1318652,Large,Healthcare,18,5,0,18,1,1
565,49,1686652,Large,Healthcare,10,3,0,37,1,1
566,57,448554,Large,Finance,15,9,0,26,0,1
567,47,585555,Large,Retail,2,5,0,9,1,0
568,29,744191,Small,Manufacturing,5,6,0,64,0,0
569,49,1802337,Medium,Retail,13,8,0,20,1,1
570,49,1854094,Large,Tech,17,9,0,54,1,1
571,58,1689517,Small,Healthcare,16,6,0,30,0,1
572,57,614451,Small,Retail,3,5,1,53,0,0
573,48,1220597,Small,Manufacturing,14,0,0,63,0,0
574,38,1632762,Large,Tech,10,1,0,11,1,1
575,30,1925794,Large,Finance,2,0,0,31,0,0
576,54,1072944,Medium,Finance,2,8,1,49,1,1
577,41,1786205,Large,Manufacturing,15,9,0,19,1,1
578,34,1068747,Large,Tech,4,9,0,12,0,1
579,49,524695,Small,Healthcare,9,8,0,15,0,0
580,50,1184315,Medium,Retail,18,6,0,31,1,1
581,34,1644476,Large,Tech,3,1,0,43,0,0
582,56,1401844,Large,Finance,18,5,1,37,1,1
583,27,1781006,Small,Manufacturing,10,3,1,29,0,1
584,39,1561519,Small,Manufacturing,1,0,0,26,0,0
585,26,1770394,Large,Retail,9,0,0,2,0,0
586,46,1008691,Medium,Manufacturing,10,4,0,15,1,1
587,23,873189,Medium,Manufacturing,19,1,0,4,0,0
588,31,1710706,Small,Tech,15,3,0,50,1,0
589,51,1543064,Small,Healthcare,18,0,0,38,0,0
590,26,690530,Large,Retail,10,3,1,23,1,1
591,54,962784,Small,Tech,13,5,1,59,0,1
592,22,541531,Large,Healthcare,1,9,0,28,0,0
593,39,1595269,Medium,Tech,4,3,0,66,1,0
594,53,1294465,Medium,Tech,4,0,0,8,0,0
595,32,1219484,Large,Manufacturing,18,6,0,29,0,1
596,42,1003650,Small,Healthcare,11,1,0,11,0,0
597,47,1899295,Medium,Retail,17,8,0,18,1,1
598,46,1586936,Small,Retail,3,2,1,55,1,0
599,43,644855,Medium,Healthcare,16,7,1,50,0,1
600,48,1855979,Large,Manufacturing,9,7,0,14,0,1
601,34,1374961,Large,Finance,19,2,0,9,1,1
602,54,731374,Large,Tech,5,3,0,11,0,0
603,55,1764811,Medium,Manufacturing,13,1,0,63,1,0
604,56,580783,Small,Healthcare,10,3,0,67,0,0
605,22,1434106,Small,Tech,10,8,0,53,1,1
606,42,583707,Small,Retail,17,1,0,39,1,0
607,27,677816,Medium,Finance,17,2,0,56,1,0
608,49,1778236,Medium,Retail,10,3,1,28,1,1
609,38,1286420,Medium,Healthcare,11,4,0,39,0,0
610,26,1750503,Medium,Tech,4,0,0,25,0,0
611,52,645114,Medium,Healthcare,8,6,0,21,0,0
612,26,543373,Small,Tech,8,9,0,10,1,1
613,59,647697,Medium,Manufacturing,9,6,0,43,1,1
614,24,1510355,Medium,Finance,18,8,1,15,1,1
615,44,1518758,Small,Manufacturing,0,3,1,48,0,0
616,58,1346914,Medium,Manufacturing,6,5,0,21,0,0
617,58,1955743,Small,Healthcare,3,1,0,60,0,0
618,31,1256331,Small,Finance,0,3,0,50,1,0
619,31,1586836,Large,Tech,14,1,0,23,0,0
620,40,1223159,Large,Tech,7,9,1,13,0,1
621,38,1271129,Large,Retail,11,4,0,69,1,0
622,42,946701,Large,Tech,17,6,0,4,0,1
623,35,1086958,Medium,Healthcare,14,0,0,9,0,0
624,30,630904,Large,Manufacturing,16,9,0,35,0,1
625,22,1396413,Small,Manufacturing,13,9,1,21,1,1
626,34,818349,Medium,Manufacturing,13,6,0,58,0,0
627,25,1084838,Large,Finance,17,9,1,18,1,1
628,22,1097968,Small,Tech,19,5,0,43,0,0
629,53,1901405,Medium,Healthcare,17,5,1,6,1,1
630,55,379083,Medium,Finance,15,7,0,67,0,0
631,49,858819,Large,Retail,0,7,0,12,0,0
632,52,1619432,Medium,Healthcare,10,5,1,12,1,1
633,29,1714821,Small,Healthcare,14,2,0,66,1,1
634,47,1947608,Medium,Healthcare,11,4,0,2,0,1
635,55,1077147,Small,Manufacturing,7,1,0,15,1,0
636,24,1348382,Medium,Healthcare,19,4,1,23,0,1
637,33,954037,Large,Tech,5,8,0,29,1,1
638,22,1338836,Small,Healthcare,2,9,1,7,1,1
639,26,1141047,Medium,Manufacturing,12,0,0,28,0,0
640,51,906791,Medium,Healthcare,12,9,0,14,1,1
641,51,1602922,Medium,Retail,1,4,1,44,0,0
642,38,909996,Small,Retail,4,5,0,30,0,0
643,44,1015472,Small,Manufacturing,16,6,1,32,1,1
644,36,1975335,Small,Tech,5,8,1,70,1,1
645,58,1344244,Large,Tech,1,5,0,6,0,0
646,42,1078513,Large,Finance,3,4,0,27,0,0
647,35,1506237,Small,Manufacturing,10,6,0,24,0,0
648,23,460081,Medium,Healthcare,7,0,1,34,1,1
649,32,688590,Large,Manufacturing,11,4,1,40,0,1
650,59,1193093,Small,Finance,7,1,0,47,0,0
651,55,981503,Medium,Manufacturing,10,3,0,24,0,0
652,59,1354730,Large,Manufacturing,19,6,0,65,0,1
653,55,977164,Medium,Finance,7,4,1,18,0,0
654,39,1259192,Medium,Tech,7,5,0,44,0,0
655,51,1412864,Medium,Healthcare,16,1,0,57,0,0
656,36,351195,Medium,Finance,19,2,0,28,0,0
657,48,582725,Large,Retail,19,6,1,71,1,1
658,55,745864,Large,Tech,15,1,0,23,0,0
659,59,592231,Large,Retail,13,5,0,34,1,1
660,54,1005290,Small,Tech,10,4,0,11,1,1
661,45,464053,Large,Healthcare,6,9,0,35,1,1
662,36,893586,Medium,Healthcare,15,0,1,42,1,1
663,51,1785200,Large,Manufacturing,12,9,1,28,0,1
664,38,1388075,Medium,Retail,14,3,0,24,0,1
665,26,1736536,Small,Tech,15,1,0,8,0,0
666,50,745485,Medium,Healthcare,8,3,0,53,0,0
667,25,1593774,Medium,Finance,2,0,0,4,1,0
668,31,1816111,Medium,Healthcare,18,1,1,5,1,1
669,38,1969211,Small,Finance,19,7,0,49,1,1
670,31,1659507,Large,Tech,4,5,0,30,0,0
671,38,1646208,Large,Healthcare,9,1,0,63,1,0
672,41,636585,Small,Healthcare,16,5,0,47,0,0
673,45,322431,Medium,Tech,14,9,0,26,0,1
674,26,1672401,Large,Healthcare,7,8,0,57,0,1
675,55,1543131,Small,Finance,14,6,0,37,1,1
676,27,947008,Large,Healthcare,13,8,1,7,0,1
677,23,873441,Small,Retail,19,4,0,40,1,1
678,34,568512,Medium,Manufacturing,6,6,0,39,1,0
679,32,1198792,Large,Finance,11,6,1,62,1,1
680,44,476076,Small,Retail,16,2,0,53,0,0
681,37,1568300,Large,Tech,16,6,1,4,1,1
682,52,1929849,Large,Finance,9,0,0,25,1,0
683,32,1663046,Large,Manufacturing,18,8,0,7,0,1
684,37,1981601,Large,Manufacturing,13,9,0,28,0,1
685,29,978758,Small,Tech,10,5,0,69,0,0
686,25,1053753,Medium,Tech,1,4,0,67,0,0
687,25,350861,Small,Finance,17,6,1,20,0,1
688,46,1686617,Small,Healthcare,6,4,0,11,1,0
689,24,1561553,Small,Tech,11,9,0,67,0,0
690,53,951406,Medium,Healthcare,1,4,0,7,0,0
691,24,1021001,Large,Retail,19,9,0,23,1,1
692,48,309078,Large,Manufacturing,17,6,0,61,0,0
693,50,624912,Large,Healthcare,5,9,0,71,1,1
694,53,1923911,Medium,Manufacturing,9,6,1,34,0,1
695,40,1158058,Large,Healthcare,19,2,1,19,0,1
696,42,1144092,Medium,Retail,14,2,0,58,0,0
697,26,1267290,Large,Tech,4,9,0,9,0,1
698,39,1743717,Large,Retail,19,2,1,48,0,1
699,49,515048,Small,Tech,2,5,1,41,1,0
700,43,1060581,Medium,Tech,4,5,0,48,0,0
701,42,1990696,Small,Manufacturing,7,2,1,45,1,1
702,27,1216838,Small,Retail,7,2,0,25,0,0
703,22,949438,Small,Healthcare,7,7,1,25,0,1
704,26,1505663,Medium,Retail,11,7,0,19,1,1
705,33,333320,Medium,Manufacturing,7,6,0,39,0,0
706,47,627025,Large,Tech,10,9,1,27,1,1
707,55,915115,Small,Manufacturing,13,3,0,63,1,0
708,35,1861863,Large,Finance,7,3,0,68,1,1
709,47,664359,Small,Finance,9,2,0,19,0,0
710,48,1243793,Medium,Healthcare,6,4,1,28,0,1
711,30,1608507,Medium,Manufacturing,16,2,1,33,1,1
712,47,1243187,Medium,Healthcare,3,7,1,10,1,1
713,43,706845,Small,Healthcare,12,6,0,30,0,0
714,51,1897690,Medium,Finance,3,2,1,22,0,1
715,38,400734,Small,Healthcare,4,8,0,3,0,0
716,47,457702,Large,Finance,3,4,0,48,0,0
717,57,1054122,Small,Tech,17,8,1,2,0,1
718,22,1525811,Large,Manufacturing,5,6,0,54,0,0
719,29,1447087,Small,Healthcare,1,6,0,6,1,0
720,56,1283939,Large,Finance,10,5,0,40,1,1
721,36,1622373,Medium,Retail,13,1,0,2,1,1
722,43,906229,Large,Healthcare,4,8,1,2,0,1
723,35,1029497,Medium,Tech,5,5,0,55,0,0
724,47,398818,Medium,Tech,9,7,1,60,1,1
725,49,1273950,Large,Retail,7,0,0,6,1,0
726,44,452360,Small,Finance,13,4,0,19,1,1
727,35,919369,Small,Healthcare,2,0,0,27,1,0
728,45,861165,Small,Finance,11,9,1,1,0,1
729,23,673706,Small,Tech,15,7,0,33,1,1
730,47,1232817,Small,Finance,16,7,1,40,0,1
731,35,1560533,Medium,Tech,0,0,0,32,0,0
732,28,372715,Small,Finance,9,8,0,69,1,0
733,24,441398,Medium,Retail,9,1,0,17,0,0
734,44,1982955,Medium,Manufacturing,1,8,1,8,0,1
735,39,1867628,Medium,Retail,8,0,1,57,0,0
736,59,1481208,Large,Retail,12,9,0,42,0,1
737,56,1165580,Large,Manufacturing,15,8,0,9,1,1
738,36,383186,Medium,Manufacturing,17,3,0,35,0,0
739,46,1499670,Large,Healthcare,18,8,1,71,0,1
740,58,894604,Small,Healthcare,11,6,0,53,0,0
741,49,1376956,Small,Retail,7,5,1,54,0,0
742,31,934486,Medium,Retail,16,4,1,25,0,1
743,38,564500,Small,Tech,14,8,0,67,1,1
744,43,370326,Medium,Tech,9,1,1,62,0,0
745,47,1178879,Medium,Healthcare,14,1,0,55,1,0
746,46,939282,Small,Healthcare,14,8,0,46,1,1
747,38,520971,Large,Tech,6,2,0,24,1,0
748,34,1106481,Small,Tech,12,7,0,46,0,0
749,41,1817509,Small,Finance,16,8,1,22,0,1
750,46,1517060,Medium,Finance,8,7,0,11,1,1
751,25,1331519,Medium,Tech,7,3,0,48,0,0
752,31,1089352,Medium,Finance,19,0,0,8,1,0
753,24,784410,Medium,Manufacturing,17,3,0,39,1,1
754,39,1690281,Large,Healthcare,12,8,0,35,1,1
755,57,525314,Large,Healthcare,15,1,0,49,1,0
756,43,1787292,Large,Tech,8,2,0,46,0,0
757,55,1928094,Medium,Retail,11,9,1,38,0,1
758,29,1840448,Medium,Tech,11,7,1,8,1,1
759,40,816998,Medium,Finance,5,5,0,54,0,0
760,58,1247531,Large,Retail,18,7,1,37,0,1
761,27,1868560,Medium,Finance,6,6,0,40,1,1
762,47,765757,Small,Manufacturing,2,4,0,34,0,0
763,55,1723060,Small,Finance,15,8,0,17,1,1
764,27,808062,Medium,Manufacturing,17,3,0,33,1,1
765,58,1932185,Small,Manufacturing,15,5,0,47,0,0
766,54,432028,Small,Finance,6,1,1,52,1,0
767,43,531447,Large,Finance,3,1,0,9,1,0
768,42,1160563,Medium,Manufacturing,7,1,1,33,1,1
769,27,1789700,Medium,Retail,12,9,0,60,0,1
770,27,1295843,Large,Manufacturing,12,6,1,21,0,1
771,25,926045,Small,Healthcare,16,1,0,58,1,0
772,51,1781235,Small,Manufacturing,16,1,0,69,0,0
773,32,601207,Medium,Retail,4,8,0,10,0,0
774,51,1724945,Small,Healthcare,5,6,0,6,1,1
775,52,1727120,Large,Tech,18,2,0,13,0,1
776,45,1691538,Large,Tech,12,2,1,65,0,1
777,30,566847,Medium,Retail,13,6,0,20,0,0
778,24,1020488,Large,Manufacturing,3,4,1,57,0,0
779,52,896387,Large,Finance,6,9,0,46,1,0
780,58,719065,Medium,Retail,7,5,1,8,0,1
781,57,987220,Large,Healthcare,12,7,0,10,0,1
782,45,331585,Large,Healthcare,5,8,0,67,1,0
783,52,1763807,Large,Tech,5,0,1,11,1,1
784,27,1295043,Small,Healthcare,2,2,0,12,1,0
785,23,1916449,Medium,Retail,2,6,0,10,0,0
786,41,589102,Medium,Healthcare,12,5,0,25,0,0
787,49,1636737,Medium,Retail,1,6,0,49,1,0
788,32,1735397,Small,Finance,15,7,0,49,0,0
789,25,1262854,Small,Tech,5,5,1,11,1,1
790,36,579922,Medium,Healthcare,7,2,0,62,0,0
791,27,1000601,Small,Retail,7,1,0,36,0,0
792,51,1390805,Medium,Manufacturing,5,6,0,39,1,1
793,59,1435228,Small,Tech,13,0,0,53,1,0
794,23,1214699,Large,Finance,2,2,0,56,1,0
795,36,549474,Large,Retail,9,3,1,1,0,1
796,32,1212935,Medium,Finance,2,0,0,56,0,0
797,29,560116,Small,Finance,11,4,1,4,0,0
798,47,1171310,Small,Healthcare,16,9,0,30,0,1
799,26,1244994,Large,Healthcare,4,2,0,12,0,0
800,27,820985,Large,Retail,19,1,0,35,0,0
801,47,319975,Small,Manufacturing,8,2,0,52,0,0
802,25,457795,Small,Retail,19,7,0,31,1,1
803,40,1765071,Small,Manufacturing,6,5,0,68,1,0
804,41,1557949,Small,Finance,3,6,1,52,1,1
805,54,1229065,Small,Tech,12,5,0,7,0,0
806,41,1324939,Small,Retail,12,5,1,22,1,1
807,33,1545709,Medium,Retail,9,2,0,56,0,0
808,22,1174829,Small,Manufacturing,17,7,1,58,0,1
809,47,1643862,Large,Finance,16,6,1,64,1,1
810,35,1937188,Medium,Finance,19,6,0,12,0,1
811,59,1524613,Small,Manufacturing,19,5,1,7,0,1
812,58,688076,Large,Finance,12,4,0,55,0,0
813,32,960008,Medium,Healthcare,16,9,1,62,0,1
814,57,990493,Large,Tech,3,7,0,55,1,0
815,34,1268181,Small,Retail,0,4,0,36,1,0
816,24,920347,Small,Tech,0,8,1,24,1,1
817,54,1312092,Small,Retail,14,8,0,44,0,1
818,27,922605,Small,Healthcare,12,0,0,17,1,0
819,31,1025495,Medium,Finance,16,5,1,2,0,1
820,26,1645766,Medium,Manufacturing,7,6,0,13,0,0
821,44,1788856,Large,Healthcare,17,2,0,31,1,1
822,31,401459,Small,Tech,12,6,0,28,0,0
823,23,1061985,Large,Manufacturing,13,6,0,60,1,1
824,34,500422,Medium,Finance,7,1,1,27,0,0
825,23,1450096,Small,Healthcare,7,6,0,15,1,1
826,41,885560,Small,Manufacturing,14,0,0,33,1,0
827,22,1047512,Medium,Healthcare,12,4,0,20,0,0
828,58,816123,Medium,Healthcare,6,8,1,42,0,1
829,30,1678369,Medium,Finance,4,6,0,12,1,1
830,38,626818,Medium,Retail,16,6,0,23,0,1
831,30,1336548,Medium,Manufacturing,15,1,1,14,0,1
832,32,444832,Small,Finance,1,7,0,25,1,0
833,36,452999,Medium,Healthcare,17,2,0,31,0,0
834,45,648619,Small,Finance,16,7,0,54,1,1
835,59,361367,Small,Retail,6,2,0,5,0,0
836,56,1053315,Medium,Manufacturing,12,9,0,13,0,1
837,51,705804,Medium,Retail,17,6,0,28,1,1
838,52,1208182,Small,Tech,13,1,1,43,0,0
839,26,1057038,Medium,Manufacturing,17,3,0,47,0,0
840,35,1584382,Medium,Retail,12,5,1,71,0,1
841,32,1204586,Medium,Healthcare,10,8,0,38,0,0
842,30,1393314,Large,Manufacturing,15,4,1,67,0,1
843,55,857685,Small,Manufacturing,16,8,1,62,0,1
844,33,1692909,Large,Finance,7,4,0,39,0,0
845,56,1687087,Medium,Healthcare,18,9,0,37,0,1
846,56,1342377,Large,Tech,19,7,0,8,1,1
847,22,502332,Medium,Retail,14,0,1,52,1,1
848,43,682729,Large,Finance,8,6,1,33,0,1
849,50,1460029,Medium,Retail,19,3,0,42,1,1
850,29,1368392,Large,Tech,9,4,0,27,1,0
851,32,1259744,Large,Tech,11,5,0,8,0,1
852,58,1223780,Large,Manufacturing,19,4,1,23,1,1
853,35,1069299,Small,Tech,0,0,0,64,0,0
854,51,1765291,Large,Retail,19,8,0,20,1,1
855,56,1306080,Small,Healthcare,8,1,0,16,0,0
856,42,671000,Medium,Healthcare,14,8,0,17,0,1
857,58,513567,Large,Manufacturing,0,9,1,19,1,1
858,26,1863509,Medium,Retail,11,1,0,8,0,0
859,40,895923,Medium,Retail,2,8,0,38,0,0
860,35,516184,Large,Tech,10,5,0,38,0,0
861,47,598090,Small,Retail,1,8,0,53,0,0
862,25,617348,Large,Finance,15,5,0,31,1,1
863,46,1531534,Medium,Tech,8,5,1,44,1,1
864,46,1289156,Medium,Finance,14,1,1,60,0,1
865,39,1626283,Large,Manufacturing,11,7,0,17,0,1
866,29,392324,Small,Healthcare,0,2,0,39,1,0
867,35,523536,Small,Manufacturing,12,6,1,42,0,1
868,53,1620567,Medium,Healthcare,13,4,0,48,1,1
869,59,326155,Medium,Manufacturing,7,2,0,12,0,0
870,54,641815,Small,Retail,7,0,1,18,0,0
871,44,1989755,Large,Finance,11,7,1,6,0,1
872,36,760494,Medium,Healthcare,0,2,1,43,0,0
873,54,449381,Small,Tech,10,1,1,35,0,0
874,46,1480267,Medium,Finance,7,0,1,54,0,0
875,38,1824986,Large,Tech,9,3,0,62,0,0
876,54,743324,Small,Finance,18,7,0,69,0,0
877,23,334707,Medium,Finance,10,2,0,16,0,0
878,35,1237841,Large,Manufacturing,6,0,0,8,0,0
879,27,1867053,Medium,Healthcare,10,3,0,31,0,0
880,27,1046788,Large,Healthcare,16,8,0,10,0,1
881,24,653299,Large,Finance,0,0,0,56,0,0
882,28,1507068,Small,Retail,7,1,0,70,1,0
883,29,1822688,Large,Retail,5,8,0,20,1,1
884,36,470102,Medium,Tech,17,1,0,5,0,0
885,50,694274,Large,Tech,5,2,0,23,0,0
886,54,517285,Large,Manufacturing,4,6,1,9,0,1
887,51,1686980,Small,Finance,12,2,0,58,1,0
888,48,1508052,Large,Tech,18,8,0,59,0,1
889,57,1058842,Large,Tech,7,5,1,54,0,0
890,50,1322788,Medium,Finance,8,2,0,46,1,0
891,59,1509504,Small,Manufacturing,16,8,0,22,0,1
892,54,1150610,Small,Tech,2,0,0,64,0,0
893,58,596141,Small,Manufacturing,18,9,0,8,0,1
894,48,1243115,Large,Healthcare,10,2,1,20,1,1
895,54,1992137,Small,Manufacturing,16,0,0,51,0,0
896,25,1597076,Large,Retail,18,1,0,39,1,1
897,43,1480887,Large,Retail,1,7,0,37,1,1
898,23,545546,Medium,Manufacturing,7,6,0,50,0,0
899,31,1545309,Medium,Retail,18,1,0,34,0,1
900,26,951233,Medium,Healthcare,6,1,0,33,0,0
901,31,1918136,Medium,Finance,16,8,0,31,1,1
902,54,1341592,Medium,Retail,5,5,0,54,1,0
903,59,446470,Large,Retail,18,4,0,44,0,1
904,34,944318,Large,Manufacturing,5,9,0,34,1,1
905,52,1667223,Small,Healthcare,1,5,0,71,0,0
906,57,1355146,Large,Finance,5,8,1,62,0,1
907,45,630929,Large,Manufacturing,4,6,0,23,1,1
908,36,1881974,Medium,Manufacturing,18,9,0,46,1,1
909,50,1847691,Large,Healthcare,19,9,0,56,0,1
910,29,379141,Medium,Finance,3,8,0,7,1,1
911,26,312115,Small,Healthcare,16,3,1,61,1,1
912,50,1387638,Small,Finance,10,1,0,3,1,0
913,25,1109343,Large,Healthcare,3,7,1,38,1,1
914,33,1976925,Small,Manufacturing,12,3,0,34,1,1
915,23,1643276,Large,Manufacturing,19,8,1,44,0,1
916,48,690479,Small,Tech,16,3,0,30,1,1
917,52,1874833,Medium,Retail,8,7,1,17,0,1
918,57,1130185,Medium,Healthcare,3,8,0,59,1,0
919,57,697686,Medium,Tech,13,8,0,10,0,1
920,47,1470439,Medium,Retail,18,9,0,18,1,1
921,48,1096657,Large,Healthcare,2,3,0,45,0,0
922,26,1849652,Small,Finance,13,0,1,59,0,0
923,41,947296,Large,Retail,7,2,0,62,0,0
924,32,1849302,Medium,Manufacturing,0,8,0,59,1,0
925,31,1325799,Large,Tech,9,3,0,49,1,1
926,59,1978687,Small,Retail,17,4,0,63,0,1
927,27,1100101,Large,Retail,15,6,0,32,1,1
928,29,1983541,Small,Manufacturing,7,4,0,10,1,1
929,44,1344257,Large,Healthcare,0,3,0,11,1,0
930,47,348320,Small,Finance,11,1,1,70,0,0
931,33,1264918,Small,Manufacturing,7,1,0,62,1,0
932,47,796758,Medium,Finance,15,3,0,47,0,0
933,34,1495225,Small,Healthcare,17,9,1,34,1,1
934,39,1473930,Medium,Retail,3,9,0,17,1,1
935,46,912297,Medium,Finance,5,8,0,54,1,0
936,54,748625,Medium,Tech,11,7,0,40,1,1
937,33,328625,Large,Tech,8,2,0,19,0,0
938,57,1036400,Large,Manufacturing,14,8,0,67,0,1
939,25,1634809,Large,Healthcare,15,4,1,53,0,1
940,26,1385063,Large,Manufacturing,11,2,0,64,0,0
941,58,1807630,Small,Manufacturing,13,4,0,47,0,0
942,29,1576647,Small,Manufacturing,12,9,1,6,1,1
943,49,788011,Large,Tech,1,3,1,16,1,1
944,52,1660858,Small,Tech,2,7,0,18,0,0
945,30,1522471,Small,Manufacturing,9,4,0,52,0,0
946,50,730424,Medium,Tech,8,9,0,48,0,0
947,35,616205,Medium,Healthcare,19,7,1,43,0,1
948,43,1248163,Medium,Manufacturing,7,8,1,39,0,1
949,32,1347328,Medium,Tech,9,3,0,49,1,1
950,44,401376,Small,Finance,18,6,0,12,0,1
951,22,1773682,Large,Manufacturing,2,1,0,10,1,0
952,58,1133487,Small,Manufacturing,4,5,1,71,0,0
953,42,1067629,Small,Healthcare,2,7,0,55,1,0
954,47,1630228,Small,Retail,15,6,0,1,1,1
955,57,1820708,Medium,Retail,16,6,1,49,1,1
956,44,458056,Medium,Healthcare,14,7,0,36,1,1
957,22,934457,Medium,Healthcare,2,6,0,21,1,0
958,36,860347,Large,Healthcare,11,4,0,37,1,1
959,42,762785,Small,Retail,8,6,0,24,1,0
960,30,1976273,Large,Healthcare,11,9,0,55,0,1
961,30,1848229,Medium,Tech,14,2,0,25,0,0
962,31,1332766,Large,Manufacturing,1,4,0,7,0,0
963,47,829992,Small,Manufacturing,17,6,1,71,1,1
964,56,1278080,Small,Finance,19,8,0,71,0,1
965,46,1028744,Medium,Finance,11,1,0,24,1,1
966,47,1042488,Medium,Manufacturing,3,3,0,11,1,0
967,32,935567,Large,Tech,15,6,1,12,0,1
968,59,982568,Medium,Retail,15,0,1,35,0,0
969,23,942804,Medium,Retail,0,1,0,63,1,0
970,28,822828,Small,Tech,1,8,0,68,0,0
971,39,778366,Medium,Retail,2,9,0,57,1,0
972,48,1021384,Medium,Healthcare,19,6,0,13,0,1
973,55,1257386,Small,Manufacturing,16,9,0,23,1,1
974,48,719139,Small,Manufacturing,19,6,1,39,0,1
975,38,819777,Large,Tech,0,5,1,12,1,1
976,45,1724764,Medium,Retail,19,2,0,34,0,1
977,46,532549,Small,Finance,5,9,1,71,0,1
978,28,1902029,Large,Finance,14,2,1,31,0,1
979,27,1940067,Large,Retail,13,1,0,62,0,0
980,45,784965,Medium,Finance,19,5,0,13,1,1
981,54,1090546,Medium,Tech,14,3,1,31,1,1
982,50,1282469,Large,Tech,13,4,0,2,0,1
983,43,336321,Small,Retail,4,2,1,15,0,0
984,47,635441,Large,Finance,5,5,1,57,0,1
985,49,1593590,Medium,Tech,16,2,0,34,1,1
986,42,456498,Small,Tech,10,7,1,68,1,1
987,28,1366348,Small,Healthcare,15,8,1,29,0,1
988,38,1090144,Large,Healthcare,11,3,0,66,1,0
989,41,694583,Medium,Tech,14,8,0,16,1,1
990,41,538389,Large,Retail,3,6,0,39,1,0
991,43,939430,Large,Manufacturing,17,2,0,37,1,1
992,49,1964600,Large,Manufacturing,2,6,0,21,1,1
993,28,1400500,Small,Tech,7,0,0,44,1,0
994,22,1876590,Small,Tech,2,2,0,19,0,0
995,53,1699872,Medium,Tech,7,5,0,71,1,0
996,34,1376299,Medium,Retail,17,3,1,8,0,1
997,51,1058470,Large,Healthcare,9,6,1,66,0,1
998,44,964468,Large,Tech,19,2,1,41,0,1
999,40,508786,Large,Tech,16,0,0,70,1,0
1000,53,1908507,Medium,Finance,7,8,1,61,0,1
